{"cameraMode":{"drawMode":0,"name":"Shaded","section":"Shading Mode"},"sceneLighting":false,"audioPlay":false,"sceneViewState":{"m_AlwaysRefresh":false,"showFog":true,"showSkybox":false,"showFlares":true,"showImageEffects":true,"showParticleSystems":true,"showVisualEffectGraphs":true,"m_FxEnabled":true},"in2DMode":false,"pivot":{"x":4.76837158203125e-7,"y":1.0246076583862305,"z":-0.021749168634414674},"rotation":{"x":0.005957587622106075,"y":0.99382483959198,"z":-0.08999589085578919,"w":0.0659896582365036},"size":1.6877288818359376,"orthographic":false}