{"cameraMode":{"drawMode":0,"name":"Shaded","section":"Shading Mode"},"sceneLighting":true,"audioPlay":false,"sceneViewState":{"m_AlwaysRefresh":false,"showFog":true,"showSkybox":true,"showFlares":true,"showImageEffects":true,"showParticleSystems":true,"showVisualEffectGraphs":true,"m_FxEnabled":true},"in2DMode":false,"pivot":{"x":709.2922973632813,"y":1000.5380859375,"z":3319.226806640625},"rotation":{"x":0.05367204174399376,"y":-0.005713499151170254,"z":-0.00025313356309197843,"w":-0.9986533522605896},"size":2017.6917724609375,"orthographic":false}