{"cameraMode":{"drawMode":0,"name":"Shaded","section":"Shading Mode"},"sceneLighting":false,"audioPlay":false,"sceneViewState":{"m_AlwaysRefresh":false,"showFog":true,"showSkybox":false,"showFlares":true,"showImageEffects":true,"showParticleSystems":true,"showVisualEffectGraphs":true,"m_FxEnabled":true},"in2DMode":false,"pivot":{"x":0.2029215395450592,"y":0.33661550283432009,"z":3.929111957550049},"rotation":{"x":-0.22168156504631043,"y":-0.22106923162937165,"z":0.05155066028237343,"w":-0.9483360052108765},"size":0.8660253882408142,"orthographic":false}