{"cameraMode":{"drawMode":0,"name":"Shaded","section":"Shading Mode"},"sceneLighting":false,"audioPlay":false,"sceneViewState":{"m_AlwaysRefresh":false,"showFog":true,"showSkybox":false,"showFlares":true,"showImageEffects":true,"showParticleSystems":true,"showVisualEffectGraphs":true,"m_FxEnabled":true},"in2DMode":false,"pivot":{"x":-0.017575973644852639,"y":0.697120189666748,"z":2.2974071502685549},"rotation":{"x":0.005957587622106075,"y":0.99382483959198,"z":-0.08999589085578919,"w":0.0659896582365036},"size":0.9235506057739258,"orthographic":false}