{"cameraMode":{"drawMode":0,"name":"Shaded","section":"Shading Mode"},"sceneLighting":false,"audioPlay":false,"sceneViewState":{"m_AlwaysRefresh":false,"showFog":true,"showSkybox":false,"showFlares":true,"showImageEffects":true,"showParticleSystems":true,"showVisualEffectGraphs":true,"m_FxEnabled":true},"in2DMode":false,"pivot":{"x":0.05970611795783043,"y":0.3125225305557251,"z":0.13907364010810853},"rotation":{"x":0.19594551622867585,"y":-0.6467770934104919,"z":0.17712755501270295,"w":0.7154837250709534},"size":0.8660255670547485,"orthographic":false}