{"cameraMode":{"drawMode":0,"name":"Shaded","section":"Shading Mode"},"sceneLighting":false,"audioPlay":false,"sceneViewState":{"m_AlwaysRefresh":false,"showFog":true,"showSkybox":false,"showFlares":true,"showImageEffects":true,"showParticleSystems":true,"showVisualEffectGraphs":true,"m_FxEnabled":true},"in2DMode":false,"pivot":{"x":-0.06243152916431427,"y":1.3242281675338746,"z":0.32217496633529665},"rotation":{"x":0.026414867490530015,"y":-0.9676941633224487,"z":0.2230093777179718,"w":0.11462090164422989},"size":0.8660253882408142,"orthographic":false}